Var,PC1
Proportion Var,0.43
Eigenvalue,3.8273275888785263
Theta,0.8310612205579078
